{"loss": [0.9168565273284912, 0.9087794423103333, 0.9061045050621033, 0.9020714163780212, 0.8978328108787537, 0.8930517435073853, 0.8884724974632263, 0.886763334274292, 0.8819161057472229, 0.8776217103004456], "accuracy": [0.7732234597206116, 0.775270938873291, 0.7756552696228027, 0.775847852230072, 0.7770545482635498, 0.7783594131469727, 0.778622567653656, 0.7795423865318298, 0.7803808450698853, 0.7816949486732483], "val_loss": [2.5224592685699463, 2.5261356830596924, 2.5378146171569824, 2.538668394088745, 2.556488513946533, 2.5666110515594482, 2.5629477500915527, 2.5884461402893066, 2.585651159286499, 2.5854554176330566], "val_accuracy": [0.6068209409713745, 0.6077598929405212, 0.609299898147583, 0.609450101852417, 0.6089242696762085, 0.6086989045143127, 0.608811616897583, 0.6093374490737915, 0.6080228090286255, 0.60888671875]}