{"loss": [1.1122022867202759, 1.102514624595642, 1.0903544425964355, 1.0829726457595825, 1.0744974613189697, 1.065087914466858, 1.0572649240493774, 1.0495108366012573, 1.0424331426620483, 1.0350408554077148], "accuracy": [0.7327962517738342, 0.7351551651954651, 0.7378961443901062, 0.7390468716621399, 0.740824282169342, 0.7425012588500977, 0.7443983554840088, 0.74610835313797, 0.74751216173172, 0.7488355040550232], "val_loss": [2.32199764251709, 2.321878671646118, 2.3351428508758545, 2.345919609069824, 2.363116502761841, 2.3893492221832275, 2.3896987438201904, 2.3759565353393555, 2.405256509780884, 2.4060685634613037], "val_accuracy": [0.6003605723381042, 0.6003605723381042, 0.5994591116905212, 0.6017503142356873, 0.601149320602417, 0.6013746857643127, 0.6032902598381042, 0.6025766134262085, 0.6038536429405212, 0.6014122366905212]}