{"loss": [1.2217366695404053, 1.2082175016403198, 1.1961385011672974, 1.1825004816055298, 1.171781063079834, 1.1599169969558716, 1.1497883796691895, 1.138042688369751, 1.1281458139419556, 1.117823600769043], "accuracy": [0.710754930973053, 0.7136623859405518, 0.7162867188453674, 0.7189317941665649, 0.7207721471786499, 0.723772406578064, 0.7255997657775879, 0.7275513410568237, 0.7299210429191589, 0.7324303388595581], "val_loss": [2.2580506801605225, 2.2626092433929443, 2.2768969535827637, 2.2911930084228516, 2.299712657928467, 2.3098766803741455, 2.3120341300964355, 2.32108473777771, 2.331465005874634, 2.3528974056243896], "val_accuracy": [0.5934119820594788, 0.5965670347213745, 0.5960035920143127, 0.5963416695594788, 0.5969050526618958, 0.5987454652786255, 0.5998722910881042, 0.597581148147583, 0.599534273147583, 0.6007362008094788]}