{"loss": [1.3799809217453003, 1.359428882598877, 1.3403687477111816, 1.3240000009536743, 1.3074308633804321, 1.2903200387954712, 1.2754430770874023, 1.260775089263916, 1.2448335886001587, 1.2332422733306885], "accuracy": [0.6793829202651978, 0.6835108995437622, 0.6873135566711426, 0.6906368136405945, 0.6939500570297241, 0.6973998546600342, 0.7003694772720337, 0.7033827304840088, 0.7062510848045349, 0.7087857127189636], "val_loss": [2.1886463165283203, 2.2065749168395996, 2.2075560092926025, 2.211669445037842, 2.227457284927368, 2.2354748249053955, 2.2446718215942383, 2.260713577270508, 2.262578010559082, 2.2777209281921387], "val_accuracy": [0.5863882303237915, 0.5881159901618958, 0.5869140625, 0.5888671875, 0.5910456776618958, 0.5900691151618958, 0.590745210647583, 0.5927734375, 0.5935246348381042, 0.59423828125]}