{"loss": [0.9667004346847534, 0.9588719010353088, 0.9535918235778809, 0.9492534399032593, 0.9440466165542603, 0.939053475856781, 0.9325861930847168, 0.9291439056396484, 0.9253161549568176, 0.9181715846061707], "accuracy": [0.7630090713500977, 0.7647151947021484, 0.7659916877746582, 0.76645427942276, 0.767663300037384, 0.7685738801956177, 0.7700636386871338, 0.7707694172859192, 0.7715917825698853, 0.7731322050094604], "val_loss": [2.4658398628234863, 2.4777631759643555, 2.4797327518463135, 2.492656946182251, 2.5147814750671387, 2.5063958168029785, 2.5109663009643555, 2.523980140686035, 2.519354820251465, 2.5229456424713135], "val_accuracy": [0.6057692170143127, 0.606858491897583, 0.60498046875, 0.604417085647583, 0.6062950491905212, 0.6053560972213745, 0.6079477071762085, 0.609375, 0.6098257303237915, 0.6078726053237915]}