{"loss": [1.0297540426254272, 1.021115779876709, 1.0140942335128784, 1.0065172910690308, 1.0005998611450195, 0.9949295520782471, 0.9876759648323059, 0.9833499193191528, 0.9754090905189514, 0.970238447189331], "accuracy": [0.7500283718109131, 0.75179123878479, 0.7532725930213928, 0.7552288174629211, 0.7560074329376221, 0.7570821642875671, 0.7587852478027344, 0.7596735954284668, 0.7612891793251038, 0.7623002529144287], "val_loss": [2.390983819961548, 2.3995156288146973, 2.4125688076019287, 2.418205976486206, 2.4191946983337402, 2.4346907138824463, 2.446479320526123, 2.4616892337799072, 2.4791078567504883, 2.4832329750061035], "val_accuracy": [0.6039663553237915, 0.6038912534713745, 0.6029897928237915, 0.6032902598381042, 0.6052433848381042, 0.603440523147583, 0.6051682829856873, 0.6048302054405212, 0.604905366897583, 0.6040414571762085]}