{"loss": [6.4684062004089355, 5.705374240875244, 5.029789924621582, 4.299047470092773, 3.611440896987915, 3.032271146774292, 2.5679876804351807, 2.2070693969726562, 1.9238784313201904, 1.6986815929412842, 1.5114160776138306, 1.3529183864593506, 1.220791220664978, 1.105780839920044, 1.0080546140670776, 0.9208598732948303, 0.8442285060882568, 0.7772189974784851, 0.7184958457946777, 0.6644479036331177, 0.6180118322372437, 0.574338436126709, 0.5355386734008789, 0.5002448558807373, 0.4692317843437195, 0.44221964478492737, 0.41540461778640747, 0.39255425333976746, 0.36997082829475403, 0.35144278407096863, 0.333366334438324, 0.31540489196777344, 0.30186882615089417, 0.28669312596321106, 0.2749671936035156, 0.2641754448413849, 0.252800852060318, 0.24119576811790466, 0.23311807215213776, 0.2232314944267273, 0.21599611639976501, 0.2078717201948166, 0.20009127259254456, 0.1945134997367859, 0.18844905495643616, 0.18254561722278595, 0.17891594767570496, 0.17298473417758942, 0.1680212765932083, 0.1628987193107605], "accuracy": [0.14578156173229218, 0.184327632188797, 0.22670616209506989, 0.2898177206516266, 0.363312304019928, 0.4397229850292206, 0.5088182091712952, 0.56595778465271, 0.6136928200721741, 0.6522350311279297, 0.6847159266471863, 0.7133021950721741, 0.7365960478782654, 0.7574241757392883, 0.7756274938583374, 0.791955292224884, 0.8068192601203918, 0.8199281096458435, 0.831483781337738, 0.8425249457359314, 0.851832389831543, 0.8613125681877136, 0.8686766028404236, 0.8762231469154358, 0.8829911351203918, 0.8884466886520386, 0.8943700790405273, 0.8994101881980896, 0.9044619202613831, 0.9086982011795044, 0.9128005504608154, 0.9172213077545166, 0.9198267459869385, 0.9234107136726379, 0.9258220195770264, 0.9284760355949402, 0.9313940405845642, 0.9345217943191528, 0.9362380504608154, 0.9381037950515747, 0.9402452707290649, 0.9421381950378418, 0.9441243410110474, 0.9458367228507996, 0.9471258521080017, 0.9485528469085693, 0.9492672681808472, 0.9511311054229736, 0.9521833658218384, 0.9535948634147644], "val_loss": [6.046621322631836, 5.542749881744385, 5.210176944732666, 5.07609748840332, 5.03884220123291, 5.067580223083496, 5.103445529937744, 5.107170581817627, 5.168467998504639, 5.247791767120361, 5.330200672149658, 5.4367475509643555, 5.513754367828369, 5.613320350646973, 5.639315128326416, 5.7750725746154785, 5.86828088760376, 5.955233097076416, 6.064227104187012, 6.175692558288574, 6.25323486328125, 6.306183815002441, 6.420294761657715, 6.534720420837402, 6.565953731536865, 6.674815654754639, 6.665259838104248, 6.791629791259766, 6.833164691925049, 6.930002689361572, 6.972660064697266, 7.110777378082275, 7.1856369972229, 7.189566612243652, 7.301715850830078, 7.308501243591309, 7.430140018463135, 7.427079200744629, 7.525035858154297, 7.551351547241211, 7.574222564697266, 7.627490997314453, 7.718654155731201, 7.720395565032959, 7.7844390869140625, 7.878052711486816, 7.8953633308410645, 7.902493953704834, 7.994730472564697, 7.978862762451172], "val_accuracy": [0.1766183078289032, 0.2055431604385376, 0.2391183078289032, 0.2648809552192688, 0.2880394458770752, 0.3094308078289032, 0.3207775354385376, 0.3388206958770752, 0.3472842276096344, 0.3569568395614624, 0.3645833432674408, 0.3678385317325592, 0.3734188973903656, 0.3798363208770752, 0.386532723903656, 0.3860677182674408, 0.3941592276096344, 0.3967633843421936, 0.3975074291229248, 0.4009486734867096, 0.4048549234867096, 0.4059709906578064, 0.408017098903656, 0.4096912145614624, 0.4116443395614624, 0.412109375, 0.4135044515132904, 0.4156436026096344, 0.4163876473903656, 0.412109375, 0.4174107015132904, 0.4168526828289032, 0.4196428656578064, 0.419828861951828, 0.4196428656578064, 0.420014888048172, 0.4227120578289032, 0.423642098903656, 0.4213169515132904, 0.4229910671710968, 0.42578125, 0.423828125, 0.4242931604385376, 0.4242001473903656, 0.425874263048172, 0.4286644458770752, 0.4263392984867096, 0.429780513048172, 0.427827388048172, 0.4242931604385376]}